Time (min),C (md.ft),Inj. P (psi)
0,127.2,21.4
1.01,115.91,21.8
2.01,110.48,21.2
3.01,106.4,21.4
4.01,103.25,21.6
5.01,105.26,21.4
6.01,98.38,21.6
7.01,96.85,21.6
8.01,92.45,21.6
9.01,90.79,21.6
10.01,91.62,21.6
11.01,90.58,21.6
12.01,88.67,21.6
13.01,88.31,21.6
14.01,88.88,21.6
15.01,87.32,21.8
16.01,82.99,21.8
17.01,81.42,21.8
18.01,77.64,21.8
19.01,75.55,21.8
20.01,75.73,21.8
21.01,76.75,21.8
22.01,73.26,21.8
23.01,75.43,22
24.01,79.56,21.8
25.01,113.34,21.4
26.01,105.16,21.4
27.01,107.68,21.2
28.01,104.33,21.4
29.01,101.34,21.4
30.01,103.91,21.4
31.01,101.26,21.2
32.01,105.25,21.2
33.01,102.65,21.2
34.01,103.69,21.2
35.01,100.79,21.2
36.01,97.87,21.2
37.01,100.79,21.2
38.01,101.66,21.2
39.01,99.35,21.2
40.01,100.06,21.2
41.01,98.23,21.2
42.01,98.12,21.2
43.01,99.13,21.2
44.01,100.64,21.2
45.01,98.12,21.4
46.01,99.28,21.2
47.01,99.14,21.4
48.01,98.64,21.2
49.01,99.66,21.2
50.01,99.01,21.2
51.01,97.3,21.2
52.01,99.16,21.2
53.01,98.06,21.4
54.01,97.67,21.2
55.01,96.79,21.2
56.01,98.05,21.2
57.01,98.35,21.4
58.01,97.26,21.2
59.01,98.77,21.4
60.01,98.75,21.2
61.01,96.56,21.2
62.01,97.75,21.4
63.01,98.41,21.2
64.01,97.05,21.2
65.01,97.13,21.4
66.01,99.44,21.4
67.01,97.77,21.4
68.01,98.27,21.4
69.01,97.04,21.4
70.01,98.89,21.4
71.01,97.76,21.4
72.01,95.49,21.4
73.01,97.6,21.4
74.01,100.53,21.4
75.01,95.96,21.4
76.01,97.58,21.4
77.01,97.62,21.2
78.01,97.38,21.4
79.01,98.32,21.4
80.01,97.63,21.4
81.01,100.45,21.4
82.01,98.3,21.4
83.01,97.3,21.4
84.01,95.32,21.4
85.01,97.91,21.4
86.01,98.34,21.4
87.01,95.89,21.4
88.01,97.09,21.4
89.01,98.68,21.4
90.01,96.84,21.4
91.01,96.18,21.4
92.01,96.01,21.4
93.01,96.97,21.4
94.01,95.59,21.4
95.01,96.61,21.4
96.01,95.89,21.4
97.01,98.4,21.4
98.01,99.72,21.4
99.01,97.65,21.4
100.01,98.13,21.4
101.01,98.78,21.4
102.01,98.17,21.4
103.01,96.44,21.4
104.01,97.2,21.4
105.01,96.83,21.4
106.01,96.74,21.4
107.01,96.43,21.4
108.01,96.03,21.4
109.01,96.45,21.4
110.01,97.25,21.4
111.01,95.76,21.4
112.01,96.53,21.4
113.01,95.65,21.4
114.01,94.82,21.4
115.01,94.54,21.4
116.01,93.66,21.4
117.01,93.76,21.4
118.01,93.65,21.4
119.01,90.92,21.4
120.01,91.54,21.4
121.01,91.64,21.4
122.01,91.2,21.6
123.01,93.17,21.4
124.01,91.08,21.4
125.01,91.22,21.4
126.01,89.91,21.4
127.01,89.94,21.6
128.01,88.18,21.4
129.01,88.61,21.4
130.01,92.58,21.4
131.01,98.35,21.4
132.01,97.86,21.2
133.01,99.26,21.2
134.01,97.93,21.2
135.01,96.46,21.2
136.01,97.12,21.4
137.01,98.9,21.2
138.01,94.59,21.2
139.01,97.19,21.2
140.01,96.68,21.2
141.01,97.86,21.4
142.01,97.35,21.4
143.01,95.02,21.4
144.01,97,21.2
145.01,96.13,21.4
146.01,95.42,21.4
147.01,96.87,21.4
148.01,96.67,21.4
149.01,95.1,21.2
150.01,97.02,21.4
151.01,95.95,21.4
152.01,95.18,21.4
153.01,96.86,21.4
154.01,95.56,21.4
155.01,96.25,21.4
156.01,96.43,21.4
157.01,96.14,21.4
158.01,95.64,21.4
159.01,97.16,21.4
160.01,95.71,21.4
161.01,97,21.4
162.01,96.31,21.4
163.01,95.49,21.4
164.01,94.97,21.4
165.01,94.29,21.4
166.01,95.09,21.4
167.01,94.77,21.4
168.01,94.44,21.4
169.01,94.85,21.4
170.01,98.79,21.4
171.01,96.78,21.4
172.01,95.02,21.4
173.01,96.04,21.4
174.01,97.99,21.4
175.01,94.82,21.4
176.01,93.66,21.4
177.01,92.54,21.4
178.01,92.27,21.4
179.01,94.61,21.4
180.01,94.88,21.4
181.01,92.7,21.4
182.01,94.24,21.4
183.01,92.09,21.4
184.01,91.81,21.4
185.01,91.32,21.4
186.01,91.26,21.6
187.01,90.18,21.6
188.01,88.67,21.4
189.01,89.75,21.4
190.01,88.53,21.4
191.01,87.78,21.4
192.01,90.28,21.4
193.01,96.85,21.4
194.01,98.05,21.4
195.01,97.74,21.4
196.01,96.51,21.4
197.01,97.82,21.4
198.01,95.98,21.4
199.01,95.03,21.4
200.01,96.39,21.4
201.01,95.41,21.4
202.01,95.73,21.4
203.01,95.22,21.4
204.01,94.04,21.4
205.01,96.15,21.4
206.01,94.96,21.4
207.01,97.09,21.4
208.01,96.05,21.4
209.01,97.47,21.4
210.01,94.47,21.4
211.01,93.22,21.4
212.01,91.99,21.4
213.01,91.91,21.4
214.01,89.34,21.4
215.01,95.77,21.4
216.01,97.13,21.4
217.01,97.16,21.4
218.01,97.51,21.2
219.01,96.01,21.4
220.01,94.15,21.4
221.01,97.05,21.4
222.01,96.27,21.4
223.01,95.75,21.4
224.01,96.13,21.4
225.01,96.94,21.4
226.01,94.62,21.4
227.01,93.62,21.4
228.01,94.78,21.4
229.01,93.22,21.4
230.01,94.23,21.6
231.01,92.86,21.4
232.01,90.65,21.4
233.01,89.22,21.6
234.01,90,21.6
235.01,89.97,21.4
236.01,93.15,21.6
237.01,94.88,21.4
238.01,96.28,21.4
239.01,94.95,21.4
240.01,95.35,21.2
241.01,94.53,21.4
242.01,96.17,21.4
243.01,95.03,21.4
244.01,95.68,21.4
245.01,96.09,21.4
246.01,96.46,21.4
247.01,98.16,21.4
248.01,96.02,21.4
249.01,96.16,21.4
250.01,94.23,21.4
251.01,98.06,21.4
252.01,94.6,21.4
253.01,94.76,21.4
254.01,94.97,21.2
255.01,96.15,21.4
256.01,93.9,21.4
257.01,94.09,21.4
258.01,96.28,21.4
259.01,93.98,21.4
260.01,95.14,21.4
261.01,96.46,21.4
262.01,97.12,21.4
263.01,94.15,21.4
264.01,94.4,21.4
265.01,96.22,21.4
266.01,95.55,21.4
267.01,94.61,21.4
268.01,96.59,21.4
269.01,96.34,21.4
270.01,95.12,21.4
271.01,95.25,21.4
272.01,96.46,21.2
273.01,94.64,21.4
274.01,94.97,21.4
275.01,95.09,21.2
276.01,95.77,21.4
277.01,94.23,21.4
278.01,94.26,21.4
279.01,95.45,21.4
280.01,95.07,21.4
281.01,97.9,21.4
282.01,96.75,21.4
283.01,96.41,21.4
284.01,93.97,21.4
285.01,96.46,21.4
286.01,95.61,21.4
287.01,95.07,21.6
288.01,96.45,21.4
289.01,95.44,21.4
290.01,94.7,21.4
291.01,94.68,21.4
292.01,95.78,21.4
293.01,94.03,21.4
294.01,98.24,21.4
295.01,96.46,21.4
296.01,96.79,21.4
297.01,95.88,21.4
298.01,94.83,21.4
299.01,96.8,21.4
300.01,96.8,21.4
301.01,96.66,21.4
302.01,97.19,21.4
303.01,97.19,21.4
304.01,96.11,21.4
305.01,95.77,21.4
306.01,94.64,21.4
307.01,96.03,21.4
308.01,96.82,21.4
309.01,95.76,21.4
310.01,95.53,21.4
311.01,95.23,21.4
312.01,96.22,21.4
313.01,95.41,21.4
314.01,94.98,21.4
315.01,96.25,21.4
316.01,97.26,21.4
317.01,96.56,21.4
318.01,95.52,21.2
319.01,95.74,21.4
320.01,94.33,21.4
321.01,95.83,21.4
322.01,95.53,21.4
323.01,96.67,21.4
324.01,94.68,21.4
325.01,94.09,21.4
326.01,93.45,21.6
327.01,94.67,21.4
328.01,94.52,21.4
329.01,95.87,21.2
330.01,95.67,21.4
331.01,94.68,21.2
332.01,95.2,21.4
333.01,93.64,21.4
334.01,92.65,21.4
335.01,92.99,21.4
336.01,95.76,21.4
337.01,96.16,21.2
338.01,97.43,21.2
339.01,96.72,21.2
340.01,98.15,21.2
341.01,96.21,21.2
342.01,95.14,21.2
343.01,95.99,21.2
344.01,96.21,21.2
345.01,93.38,21.4
346.01,96.66,21.2
347.01,95.02,21.2
348.01,94.37,21.2
349.01,95.52,21.2
350.01,95.74,21.2
351.01,95.5,21.2
352.01,96.53,21.2
353.01,94.35,21.4
354.01,95.29,21.2
355.01,96.63,21.2
356.01,94.81,21.4
357.01,96.44,21.4
358.01,94.74,21.2
359.01,93.69,21.4
360.01,92.05,21.4
361.01,91.38,21.4
362.01,90.04,21.4
363.01,90.07,21.2
364.01,88.32,21.4
365.01,87.35,21.4
366.01,90.18,21.4
367.01,89.28,21.4
368.01,87.92,21.2
369.01,91.6,21.4
370.01,93.27,21.4
371.01,94.55,21.2
372.01,95.63,21.2
373.01,96.42,21.4
374.01,96.36,21.4
375.01,93.54,21.4
376.01,94.54,21.2
377.01,93.93,21.2
378.01,92.3,21.4
379.01,91.62,21.4
380.01,88.83,21.4
381.01,80.22,21.8
382.01,86.55,21.8
383.01,89.18,21.8
384.01,89.98,21.8
385.01,91.37,21.8
386.01,91.58,21.6
387.01,91.49,21.8
388.01,90.87,21.6
389.01,90.56,21.8
390.01,88.68,21.6
391.01,87.57,21.6
392.01,86.58,21.8
393.01,87.29,21.8
394.01,90.85,21.8
395.01,94.94,21.6
396.01,97.03,21.6
397.01,97.04,21.6
398.01,95.95,21.6
399.01,97.12,21.6
400.01,96.67,21.4
401.01,95.31,21.6
402.01,97.13,21.6
403.01,96.16,21.4
404.01,93.72,21.6
405.01,95.4,21.6
406.01,94.12,21.4
407.01,94.98,21.4
408.01,95.38,21.6
409.01,95.53,21.4
410.01,93.42,21.6
411.01,95.12,21.6
412.01,94.19,21.6
413.01,93.28,21.6
414.01,90.52,21.6
415.01,90.04,21.6
416.01,90.99,21.6
417.01,87.99,21.6
418.01,87.71,21.6
419.01,87.53,21.6
420.01,87.06,21.4
421.01,86.99,21.4
422.01,84.39,21.6
423.01,84.45,21.6
424.01,83.47,21.6
425.01,85.55,21.6
426.01,84,21.6
427.01,84.42,21.4
428.01,83.71,21.6
429.01,82.25,21.6
430.01,80.77,21.4
431.01,81.76,21.4
432.01,81.21,21.6
433.01,79.02,21.6
434.01,77.68,21.6
435.01,78.91,21.6
436.01,81.53,21.4
437.01,82.69,21.4
438.01,81.66,21.6
439.01,83.96,21.6
440.01,82.29,21.6
441.01,82.69,21.6
442.01,83.5,21.4
443.01,84.61,21.4
444.01,85.37,21.4
445.01,86.77,21.4
446.01,87.81,21.4
447.01,91.24,21.4
448.01,89.51,21.4
449.01,89.12,21.4
450.01,90.99,21.2
451.01,89.84,21.4
452.01,91.15,21.4
453.01,90.04,21.2
454.01,89.71,21.4
455.01,88.16,21.4
456.01,87.91,21.2
457.01,87.77,21.2
458.01,88.56,21.4
459.01,91.06,21.2
460.01,93.8,21.2
461.01,93.25,21.2
462.01,94.56,21.4
463.01,94.46,21.4
464.01,95.75,21.2
465.01,95.75,21.2
466.01,96.02,21.2
467.01,96.9,21.2
468.01,96.26,21.2
469.01,96.42,21.2
470.01,95.68,21.2
471.01,96.22,21.2
472.01,95.9,21.2
473.01,95.9,21
474.01,95.92,21.2
475.01,95.6,21.2
476.01,96.5,21.2
477.01,96.59,21.2
478.01,96.31,21
479.01,97.43,21.2
480.01,95.95,21
481.01,96.74,21.2
482.01,97.62,21
483.01,95.88,21.2
484.01,95.41,21.2
485.01,95.32,21
486.01,95.66,21
487.01,96.13,21
488.01,96.64,21
489.01,96.73,21
490.01,94.62,21.2
491.01,96.98,21.2
492.01,95.58,21
493.01,94.9,21.2
494.01,96.45,21.2
495.01,96.28,21.2
496.01,96.48,21
497.01,96.12,21.2
498.01,94.71,21.2
499.01,91.86,21.2
500.01,95.47,21.2
501.01,94.3,21.2
502.01,94.86,21.2
503.01,96.84,21.2
504.01,97.62,21
505.01,97.85,21
506.01,96.45,21
507.01,95.29,21.2
508.01,95.93,21.2
509.01,97,21
510.01,96.46,21.2
511.01,97.83,21
512.01,96.62,21
513.01,95.54,21.2
514.01,93.24,21.2
515.01,97.51,21.2
516.01,95.44,21.2
517.01,95.94,21.2
518.01,95.61,21.2
519.01,98.04,21.2
520.01,98.11,21.2
521.01,96.47,21
522.01,96.16,21
523.01,95.89,21
524.01,95.22,21
525.01,94.13,21
526.01,93.89,21
527.01,96.27,21
528.01,96.25,21
529.01,95.86,21
530.01,95.9,21
531.01,96.21,21.2
532.01,95.3,21
533.01,96.28,21.2
534.01,97,21.2
535.01,97.34,21.2
536.01,95.24,21
537.01,96.37,21.2
538.01,95.53,21
539.01,95.54,21.2
540.01,94.95,21.2
541.01,96.39,21.2
542.01,95.17,21.2
543.01,93.39,21.2
544.01,94.57,21.2
545.01,95.42,21
546.01,93.07,21.2
547.01,94.18,21.2
548.01,92.22,21.2
549.01,90.83,21.2
550.01,90.59,21.2
551.01,90.2,21.2
552.01,89.72,21.2
553.01,88.34,21.2
554.01,86.84,21.2
555.01,88.46,21.2
556.01,94.5,21.2
557.01,96.43,21
558.01,97.58,21
559.01,97.06,21.2
560.01,97.76,21
561.01,96.01,21
562.01,96.52,21
563.01,96.82,21
564.01,95.61,21
565.01,95.08,21
566.01,96.7,21
567.01,94.85,21.2
568.01,94.31,21
569.01,97.51,21
570.01,95.15,21.2
571.01,95.69,21.2
572.01,94.74,21
573.01,96.1,21
574.01,94.68,21.2
575.01,97.22,21
576.01,93.68,21
577.01,94.9,21
578.01,95.93,21.2
579.01,95.91,21.2
580.01,95.78,21.2
581.01,93.53,21.2
582.01,91.95,21.2
583.01,91.14,21.2
584.01,92.14,21.2
585.01,94.39,21.2
586.01,93.57,21.2
587.01,93.66,21.2
588.01,93.44,21.2
589.01,93.37,21.2
590.01,93.61,21.2
591.01,92.43,21.2
592.01,92.03,21.2
593.01,91.68,21.2
594.01,90.35,21.2
595.01,89.88,21.2
596.01,88.28,21.2
597.01,89.73,21.2
598.01,89.56,21.2
599.01,88.32,21.2
600.01,98.94,21
601.01,98.57,21
602.01,97.13,21
603.01,97.3,21
604.01,96.94,21
605.01,96,21
606.01,96.39,21
607.01,96.46,21
608.01,96.58,21
609.01,94.93,21
610.01,95.44,21
611.01,96.32,21
612.01,94.94,20.8
613.01,95.58,21
614.01,95.93,21
615.01,95.88,21
616.01,95.36,21
617.01,95.16,21
618.01,93.44,21
619.01,93.62,21
620.01,95.29,21
621.01,95.32,21
622.01,94.42,21
623.01,93.95,21
624.01,94.92,21
625.01,95.22,21
626.01,94.87,21
627.01,95.54,21
628.01,95.53,21
629.01,94.94,21.2
630.01,95.27,21
631.01,94.28,21
632.01,96.21,21
633.01,93.83,21
634.01,95.33,21
635.01,95.72,21
636.01,95.11,21.2
637.01,95.08,21
638.01,94.81,21
639.01,95.35,21
640.01,94.9,21
641.01,95.04,21
642.01,95.89,21.2
643.01,94.96,21
644.01,95.48,21
645.01,94.67,21
646.01,94.8,21
647.01,93.99,21
648.01,96.75,21
649.01,94.93,21.2
650.01,93.92,21.2
651.01,93.83,21.2
652.01,94.03,21
653.01,95.53,21
654.01,96.71,21.2
655.01,95.76,21
656.01,95.47,21.2
657.01,95.76,21.2
658.01,96.47,21.2
659.01,96.64,21.2
660.01,96.35,21.2
661.01,96.31,21.2
662.01,93.21,21.2
663.01,96.5,21.2
664.01,95.55,21.2
665.01,98.2,21.2
666.01,94.46,21.2
667.01,95.87,21.2
668.01,97.41,21.2
669.01,96.05,21.2
670.01,94.58,21.2
671.01,95.4,21.2
672.01,95.2,21.2
673.01,95.45,21.2
674.01,95.64,21.2
675.01,96.3,21.2
676.01,95.67,21.2
677.01,96.6,21.2
678.01,97.46,21.2
679.01,97.56,21.2
680.01,97.07,21.2
681.01,98.06,21
682.01,94.82,21
683.01,98.33,21
684.01,96.53,21
685.01,95.32,21
686.01,95.93,21
687.01,95.77,21
688.01,95.59,21
689.01,94.04,21
690.01,93.87,21
691.01,97.02,21
692.01,94.66,20.8
693.01,95.63,21
694.01,94.38,21
695.01,95.41,21
696.01,94.69,21
697.01,96.28,21.2
698.01,94.94,21
699.01,97.18,21
700.01,95.66,21.2
701.01,95.21,21
702.01,93.83,21
703.01,94.96,21
704.01,96.53,21
705.01,97.63,21.2
706.01,96.62,21
707.01,96.43,21.2
708.01,94.97,21.2
709.01,97.12,21.2
710.01,95.62,21.2
711.01,95.97,21.2
712.01,93.75,21.2
713.01,95.79,21.2
714.01,95.42,21
715.01,96.19,21.2
716.01,95.2,21.2
717.01,95.6,21.2
718.01,95.96,21.2
719.01,96.15,21
720.01,95.58,21.2
721.01,95.57,21.2
722.01,95.08,21
723.01,96.44,21
724.01,96.46,21.2
725.01,95.97,21
726.01,95.77,21
727.01,96.87,21
728.01,96.99,21.2
729.01,94.91,21
730.01,94.65,21
731.01,94.03,21
732.01,95.63,21
733.01,92.8,21.2
734.01,96.23,21
735.01,93.37,21
736.01,95.86,21.2
737.01,93.13,21.2
738.01,96.38,21.2
739.01,95.84,21
740.01,95.67,21
741.01,94.44,21
742.01,94.12,21
743.01,94.16,21
744.01,95.87,21.2
745.01,95.04,21
746.01,94.53,21
747.01,95.95,21.2
748.01,95.64,21.2
749.01,94.94,21.2
750.01,95.1,21
751.01,94.38,21
752.01,95.19,21
753.01,96.1,21
754.01,94.01,21
755.01,95.55,21.2
756.01,96.49,21.2
757.01,96.67,21.2
758.01,95.94,21.2
759.01,97.12,21
760.01,95.76,21
761.01,95.28,21.2
762.01,97.74,21.4
763.01,95.93,21.4
764.01,96.61,21.2
765.01,97.09,21.4
766.01,95.13,21.4
767.01,94.02,21.4
768.01,96.52,21.4
769.01,95.54,21.4
770.01,96.2,21.4
771.01,96.02,21.2
772.01,97.09,21.2
773.01,95.39,21.2
774.01,96.27,21.4
775.01,98.43,21.2
776.01,96.46,21.2
777.01,96.46,21.4
778.01,97.63,21.4
779.01,94.67,21.2
780.01,96.78,21.2
781.01,95.98,21.2
782.01,95.21,21.2
783.01,96.83,21.2
784.01,98.17,21.4
785.01,97.7,21.2
786.01,96.81,21.4
787.01,97.99,21.2
788.01,97.7,21.2
789.01,97.22,21.4
790.01,97.54,21.2
791.01,97.63,21.2
792.01,95.44,21.2
793.01,95.43,21.2
794.01,95.24,21.2
795.01,96.81,21.4
796.01,95.74,21.2
797.01,94.94,21.4
798.01,96.37,21.2
799.01,95.39,21.2
800.01,98.27,21.2
801.01,97.44,21.2
802.01,94.08,21.2
803.01,97.46,21.4
804.01,95.26,21.2
805.01,95.34,21.2
806.01,95.83,21.2
807.01,95.21,21.2
808.01,95.8,21.2
809.01,97.15,21.2
810.01,96.56,21.4
811.01,95.78,21.2
812.01,95.15,21.2
813.01,95.33,21.4
814.01,96.1,21.2
815.01,95.7,21.2
816.01,96.99,21.2
817.01,96.57,21.2
818.01,96.08,21.2
819.01,96.75,21.2
820.01,96.88,21.4
821.01,97.18,21.2
822.01,95.51,21.2
823.01,96.77,21.2
824.01,95.9,21.2
825.01,95.04,21.2
826.01,95.99,21.4
827.01,95.7,21.2
828.01,97.67,21.4
829.01,95.41,21.2
830.01,96.01,21.2
831.01,96.55,21.2
832.01,97.05,21.2
833.01,97.04,21.4
834.01,97.69,21.2
835.01,93.78,21.2
836.01,95.75,21.2
837.01,97.14,21.2
838.01,96.1,21.2
839.01,95.14,21.2
840.01,95.45,21.2
841.01,94.14,21.2
842.01,95.32,21.2
843.01,94.99,21.4
844.01,96.45,21.2
845.01,93.26,21.2
846.01,98.13,21.2
847.01,97.16,21.2
848.01,95.92,21.2
849.01,94.97,21.2
850.01,97.21,21.2
851.01,95.7,21.2
852.01,95.87,21.2
853.01,99.31,21.2
854.01,96.8,21.2
855.01,97.37,21.2
856.01,96.35,21.2
857.01,96.87,21.2
858.01,95.23,21.2
859.01,95.55,21.2
860.01,96.12,21.2
861.01,96.69,21.2
862.01,96.77,21.2
863.01,98.04,21.2
864.01,95.31,21.2
865.01,98.18,21.2
866.01,96.6,21.2
867.01,95.55,21.2
868.01,93.91,21.2
869.01,98.25,21.2
870.01,97.08,21.2
871.01,99.17,21.2
872.01,97.34,21.2
873.01,96.56,21.2
874.01,96.57,21.2
875.01,97.49,21.2
876.01,96.13,21.2
877.01,93.21,21.2
878.01,92.95,21.2
879.01,93.13,21.2
880.01,92.85,21.2
881.01,93.1,21.2
882.01,94.56,21.2
883.01,93.55,21.2
884.01,95.55,21.2
885.01,93.51,21.2
886.01,91.88,21.2
887.01,94.05,21.2
888.01,94.21,21.2
889.01,93.79,21.2
890.01,93.03,21.2
891.01,93.23,21.2
892.01,96.48,21.2
893.01,94.09,21.2
894.01,93.93,21.2
895.01,90.98,21.2
896.01,92.98,21.2
897.01,94.97,21.2
898.01,97.32,21.2
899.01,94.96,21.2
900.01,96.47,21.2
901.01,95.03,21.2
902.01,95.41,21.2
903.01,95.28,21.2
904.01,93.96,21.2
905.01,95.71,21.2
906.01,94.81,21.2
907.01,96.42,21.2
908.01,95.26,21.2
909.01,96.53,21.2
910.01,94.7,21.2
911.01,94.56,21.2
912.01,95.01,21.2
913.01,95.14,21.2
914.01,94.25,21.2
915.01,93.43,21
916.01,94.66,21.2
917.01,95.04,21.2
918.01,94.59,21.2
919.01,95.3,21.2
920.01,94.03,21.2
921.01,93.89,21.2
922.01,94.23,21.2
923.01,93.79,21
924.01,92.62,21.2
925.01,94.45,21.2
926.01,92.67,21.2
927.01,94.03,21.2
928.01,92.39,21.2
929.01,93.72,21.2
930.01,94.33,21.2
931.01,94.61,21
932.01,94.47,21.2
933.01,91.31,21.2
934.01,94.45,21.2
935.01,94.21,21.2
936.01,93.56,21.2
937.01,94.69,21.2
938.01,93.38,21
939.01,94.09,21.2
940.01,93.39,21.2
941.01,96.98,21
942.01,93.21,21.2
943.01,95.84,21
944.01,94.22,21.2
945.01,94.05,21.2
946.01,93.43,21
947.01,93.07,21.2
948.01,92.28,21.2
949.01,93.92,21
950.01,94.05,21.2
951.01,93.46,21.2
952.01,92.82,21
953.01,92.72,21.2
954.01,92.72,21
955.01,94.53,21.2
956.01,95.1,21.2
957.01,93.36,21
958.01,93.68,21.2
959.01,93.29,21.2
960.01,94.26,21.2
961.01,93.85,21.2
962.01,93.98,21.2
963.01,92.44,21.2
964.01,92.23,21
965.01,95.04,21
966.01,94.2,21
967.01,93.24,21.2
968.01,93.68,21.2
969.01,92.32,21.2
970.01,94.13,21.2
971.01,95.16,21.2
972.01,91.62,21
973.01,92.71,21.2
974.01,92.84,21.2
975.01,94.88,21
976.01,94.51,21.2
977.01,94.21,21
978.01,95.94,21
979.01,93.3,21
980.01,93.68,21.2
981.01,94,21.2
982.01,93.05,21
983.01,93.91,21
984.01,93.93,21.2
985.01,94.69,21.2
986.01,93.65,21.2
987.01,93.78,21
988.01,93.64,21.2
989.01,94.75,21
990.01,94.09,21.2
991.01,94.15,21.2
992.01,94.69,21.2
993.01,95.02,21
994.01,96.06,21.2
995.01,93.94,21
996.01,94.58,21
997.01,94.71,21
998.01,95.56,21
999.01,94.76,21
1000.01,95.14,21.2
1001.01,95.24,21
1002.01,95.37,21
1003.01,96.12,21
1004.01,94.85,21
1005.01,93.07,21
1006.01,92.98,21
1007.01,93.71,21
1008.01,94.27,21
1009.01,95.18,21
1010.01,93.59,21.2
1011.01,94.32,21
1012.01,94.86,21
1013.01,94.7,21
1014.01,94.03,21
1015.01,93.5,21
1016.01,94.09,21
1017.01,93.5,21
1018.01,94.49,21
1019.01,94.09,21.2
1020.01,94.37,21.2
1021.01,93.32,21
1022.01,97.53,21
1023.01,94.96,21
1024.01,93.22,21
1025.01,93.68,21
1026.01,95.3,21
1027.01,93.71,21
1028.01,93.16,21.2
1029.01,93.75,21
1030.01,95.01,21
1031.01,94.85,21
1032.01,92.5,21
1033.01,92.57,21
1034.01,94.81,21
1035.01,94.86,21
1036.01,94.5,21
1037.01,96.71,21
1038.01,94,21
1039.01,93.69,21
1040.01,93.55,21
1041.01,93.34,21
1042.01,94.23,21
1043.01,94.47,21
1044.01,92.74,21
1045.01,93.56,21
1046.01,94.59,21
1047.01,94.65,21
1048.01,92.29,21
1049.01,95.34,21.2
1050.01,96.84,21
1051.01,93.8,21
1052.01,95.7,21
1053.01,95.22,21
1054.01,94.33,21
1055.01,93.78,21
1056.01,94.65,21
1057.01,94.87,21
1058.01,93.07,21
1059.01,95.73,21.2
1060.01,95.01,21
1061.01,95.9,21
1062.01,98.27,21
1063.01,95.49,21
1064.01,96.49,21
1065.01,94.93,21
1066.01,96.69,21
1067.01,95.8,21
1068.01,95.76,21
1069.01,96.01,21
1070.01,97.53,21
1071.01,95.27,21
1072.01,95.38,21
1073.01,95.25,21
1074.01,94.47,20.8
1075.01,95.21,21
1076.01,95.19,21
1077.01,96.55,21
1078.01,96.91,21
1079.01,95.75,21
1080.01,94.18,21
1081.01,95.36,21
1082.01,96.6,21
1083.01,95.05,21
1084.01,94.46,21
1085.01,93.26,21
1086.01,95.9,21
1087.01,95.36,21
1088.01,95.7,21
1089.01,96.59,21
1090.01,95.15,21
1091.01,94.22,20.8
1092.01,94.59,21
1093.01,94.92,21
1094.01,93.5,21
1095.01,94.75,21
1096.01,95.42,21
1097.01,95.67,21
1098.01,92.66,21
1099.01,94.84,21
1100.01,95.91,20.8
1101.01,95.14,20.8
1102.01,94.51,21
1103.01,95.01,21
1104.01,93.96,21
1105.01,93.66,21
1106.01,94.78,20.8
1107.01,95.36,21
1108.01,95.66,21
1109.01,95.51,21
1110.01,95.78,21
1111.01,95.96,21
1112.01,95.26,20.8
1113.01,94.71,20.8
1114.01,95.17,21
1115.01,96.97,20.8
1116.01,94.33,21
1117.01,94.51,20.8
1118.01,96.04,20.8
1119.01,93.69,21
1120.01,95.26,20.8
1121.01,95.2,20.8
1122.01,95.57,21
1123.01,94.36,21
1124.01,95.76,20.8
1125.01,94.57,20.8
1126.01,95.95,20.8
1127.01,94.04,21
1128.01,94.28,21
1129.01,96.16,21
1130.01,93.51,20.8
1131.01,94.48,20.8
1132.01,94.1,21
1133.01,92.73,20.8
1134.01,94.01,21
1135.01,93.36,21
1136.01,95.39,20.8
1137.01,93.67,21
1138.01,95.53,21
1139.01,94.18,20.8
1140.01,94.07,21
1141.01,95.18,20.6
1142.01,95.82,20.8
1143.01,92.57,20.6
1144.01,95.58,20.6
1145.01,94.88,20.6
1146.01,93.45,20.6
1147.01,93.6,20.6
1148.01,94.27,20.8
1149.01,95.65,20.6
1150.01,93.37,20.6
1151.01,94.29,20.6
1152.01,94.12,20.6
1153.01,94.59,20.6
1154.01,93.35,20.6
1155.01,94.23,20.6
1156.01,96.69,20.6
1157.01,94.81,20.6
1158.01,94.97,20.4
1159.01,97.31,20.6
1160.01,95.76,20.6
1161.01,95.12,20.6
1162.01,95.89,20.6
1163.01,95.45,20.4
1164.01,95.87,20.4
1165.01,97.19,20.4
1166.01,95.74,20.4
1167.01,96.17,20.4
1168.01,94.11,20.4
1169.01,95.81,20.4
1170.01,95.46,20.4
1171.01,96.47,20.4
1172.01,96.44,20.6
1173.01,96.07,20.4
1174.01,94.86,20.4
1175.01,95.69,20.4
1176.01,93.57,20.4
1177.01,95.55,20.4
1178.01,94.32,20.4
1179.01,94.15,20.4
1180.01,95.32,20.4
1181.01,94.62,20.4
1182.01,96.01,20.4
1183.01,95.14,20.4
1184.01,94.93,20.4
1185.01,94.16,20.4
1186.01,95.36,20.4
1187.01,94.48,20.4
1188.01,96.78,20.4
1189.01,96.52,20.4
1190.01,94.92,20.4
1191.01,94.75,20.4
1192.01,95.28,20.4
1193.01,95.62,20.4
1194.01,95.89,20.4
1195.01,94.91,20.4
1196.01,94.4,20.4
1197.01,93.78,20.4
1198.01,94.94,20.4
1199.01,95.48,20.2
1200.01,95.01,20.4
1201.01,95.52,20.4
1202.01,96.93,20.4
1203.01,94.02,20.2
1204.01,95.43,20.4
1205.01,94.41,20.4
1206.01,96.6,20.2
1207.01,95.44,20.4
1208.01,95.8,20.4
1209.01,95.62,20.4
1210.01,93.39,20.4
1211.01,94.04,20.4
1212.01,93.93,20.4
1213.01,94.88,20.2
1214.01,93.5,20.4
1215.01,93.73,20.4
1216.01,96.73,20.4
1217.01,93.59,20.4
1218.01,93.8,20.4
1219.01,95.98,20.4
1220.01,95.37,20.4
1221.01,94.57,20.4
1222.01,94.27,20.4
1223.01,93.55,20.4
1224.01,93.09,20.4
1225.01,93.76,20.2
1226.01,93.99,20.4
1227.01,94.44,20.4
1228.01,92.5,20.4
1229.01,93.27,20.4
1230.01,92.87,20.4
1231.01,92.93,20.4
1232.01,94.3,20.2
1233.01,93.09,20.4
1234.01,93.2,20.4
1235.01,92.95,20.4
1236.01,93.67,20.4
1237.01,94.3,20.2
1238.01,94.36,20.4
1239.01,93.24,20.2
1240.01,93.78,20.4
1241.01,93.48,20.4
1242.01,94.82,20.4
1243.01,92.41,20.4
1244.01,94.65,20.2
1245.01,93.79,20.4
1246.01,94.03,20.4
1247.01,94.16,20.4
1248.01,93.21,20.4
1249.01,92.49,20.4
1250.01,92.31,20.4
1251.01,94.96,20.4
1252.01,94.05,20.4
1253.01,93.85,20.4
1254.01,94.55,20.4
1255.01,94.6,20.4
1256.01,94.84,20.4
1257.01,93.68,20.4
1258.01,93.32,20.4
1259.01,94.34,20.2
1260.01,94.38,20.4
1261.01,95.26,20.4
1262.01,93.91,20.4
1263.01,93.69,20.2
1264.01,93.79,20.4
1265.01,95.68,20.4
1266.01,94.75,20.4
1267.01,94.46,20.4
1268.01,92.99,20.4
1269.01,92.41,20.4
1270.01,93.92,20.4
1271.01,94.44,20.4
1272.01,94.03,20.4
1273.01,93.98,20.4
1274.01,93.07,20.2
1275.01,92.18,20.4
1276.01,95.83,20.4
1277.01,95.13,20.4
1278.01,94.65,20.4
1279.01,95.26,20.4
1280.01,94.76,20.2
1281.01,96.02,20.2
1282.01,93.07,20.4
1283.01,95.2,20.2
1284.01,93.62,20.4
1285.01,94.04,20.4
1286.01,94,20.4
1287.01,95.04,20.4
1288.01,93.65,20.4
1289.01,94.94,20.4
1290.01,91.88,20.2
1291.01,92.54,20.2
1292.01,93.66,20.2
1293.01,93.55,20.4
1294.01,93.87,20.4
1295.01,92.97,20.4
1296.01,92.38,20.4
1297.01,92.96,20.2
1298.01,92.3,20.4
1299.01,92.47,20.2
1300.01,93.86,20.4
1301.01,92.8,20.2
1302.01,92.89,20.4
1303.01,92,20.4
1304.01,92.93,20.4
1305.01,93.24,20.2
1306.01,91.65,20.4
1307.01,92.64,20.4
1308.01,91.48,20.2
1309.01,92.64,20.2
1310.01,92.91,20.2
1311.01,92.88,20.4
1312.01,93.65,20.2
1313.01,92.9,20.4
1314.01,92.41,20.4
1315.01,93,20.4
1316.01,93.16,20.4
1317.01,92.23,20.4
1318.01,92.99,20.2
1319.01,90.94,20.2
1320.01,91.63,20.4
1321.01,92.21,20.2
1322.01,91.65,20.2
1323.01,93.18,20.2
1324.01,92.14,20.2
1325.01,92.51,20.2
1326.01,91.82,20.4
1327.01,89.88,20.4
1328.01,91.91,20.4
1329.01,92.27,20.4
1330.01,91.49,20.4
1331.01,91.06,20.4
1332.01,91.78,20.4
1333.01,91.18,20.4
1334.01,93.06,20.4
1335.01,92.66,20.4
1336.01,93.81,20.4
1337.01,92.68,20.2
1338.01,95.68,20.4
1339.01,93.75,20.2
1340.01,94.22,20.4
1341.01,94.7,20.4
1342.01,94.62,20.2
1343.01,93.11,20.2
1344.01,93.57,20.4
1345.01,94.94,20.2
1346.01,94.05,20.4
1347.01,93.16,20.4
1348.01,92.76,20.2
1349.01,93.51,20.4
1350.01,93.14,20.4
1351.01,93.64,20.2
1352.01,95.68,20.4
1353.01,93.33,20.4
1354.01,93.79,20.2
1355.01,93.12,20.4
1356.01,93.75,20.2
1357.01,95.34,20.2
1358.01,95.24,20.4
1359.01,94.33,20.4
1360.01,94.38,20.2
1361.01,94.67,20.2
1362.01,93.81,20.2
1363.01,93.02,20.2
1364.01,95.03,20.4
1365.01,95.24,20.2
1366.01,94.65,20.4
1367.01,93.97,20.2
1368.01,94.32,20.2
1369.01,94.75,20.2
1370.01,93.77,20.2
1371.01,94.43,20.4
1372.01,93.58,20.2
1373.01,94.16,20.4
1374.01,94.84,20.2
1375.01,96.58,20.2
1376.01,95.34,20.4
1377.01,94.7,20.2
1378.01,94.14,20.4
1379.01,95.13,20.2
1380.01,93.88,20.2
1381.01,94.82,20.4
1382.01,95.38,20.2
1383.01,96.82,20.2
1384.01,92.21,20.2
1385.01,94.91,20.2
1386.01,93.8,20.2
1387.01,94.7,20.4
1388.01,95.18,20.2
1389.01,95.72,20.4
1390.01,93.8,20.2
1391.01,93.86,20.2
1392.01,95.71,20.2
1393.01,93.23,20.2
1394.01,93.07,20.2
1395.01,94.11,20.2
1396.01,93.84,20.2
1397.01,94.55,20.2
1398.01,95.55,20.2
1399.01,93.96,20.2
1400.01,94.36,20.4
1401.01,95.7,20.2
1402.01,95.69,20.2
1403.01,94.16,20.2
1404.01,96.34,20.4
1405.01,93.5,20.2
1406.01,94.45,20.4
1407.01,96.64,20.4
1408.01,92.92,20.4
1409.01,96.23,20.2
1410.01,91.86,20.4
1411.01,94.3,20.4
1412.01,94.89,20.2
1413.01,94.42,20.2
1414.01,94.08,20.4
1415.01,92.89,20.2
1416.01,92.9,20.2
1417.01,94.45,20.2
1418.01,95.21,20.2
1419.01,95.75,20.2
1420.01,93.53,20.4
1421.01,95.28,20.2
1422.01,93.94,20.2
1423.01,93.33,20.2
1424.01,97.01,20.4
1425.01,93.89,20.2
1426.01,94.35,20.4
1427.01,94.98,20.2
1428.01,94.7,20.4
1429.01,92.68,20.4
1430.01,93.76,20.2
1431.01,93.28,20.4
1432.01,93.66,20.2
1433.01,94.56,20.4
1434.01,94.82,20.2
1435.01,95.61,20.2
1436.01,93.6,20.4
1437.01,95.22,20.2
1438.01,94.14,20.4
1439.01,92.99,20.4
1440.01,95.44,20.4
1441.01,94.72,20.2
1442.01,94,20.4
1443.01,92.88,20.4
1444.01,96.15,20.4
1445.01,93.28,20.4
1446.01,93.87,20.4
1447.01,94.77,20.4
1448.01,93.39,20.4
1449.01,93.1,20.4
1450.01,91.55,20.4
1451.01,92.73,20.2
1452.01,92.55,20.4
1453.01,91.45,20.2
1454.01,92.36,20.4
1455.01,92.67,20.4
1456.01,92.25,20.4
1457.01,92.05,20.4
1458.01,90.72,20.4
1459.01,92.62,20.4
1460.01,92.83,20.2
1461.01,91.34,20.4
1462.01,92.67,20.4
1463.01,93.61,20.2
1464.01,92.66,20.4
1465.01,90.13,20.2
1466.01,93.45,20.4
1467.01,92.97,20.2
1468.01,92.62,20.4
1469.01,92.04,20.2
1470.01,92.38,20.4
1471.01,91.26,20.2
1472.01,92.32,20.2
1473.01,91.73,20.2
1474.01,91.71,20.2
1475.01,92.51,20.2
1476.01,92.11,20.4
1477.01,92.45,20.2
1478.01,93.63,20.2
1479.01,92.41,20.4
1480.01,90.71,20.2
1481.01,93.2,20.4
1482.01,92.29,20.4
1483.01,93.33,20.2
1484.01,93.21,20.4
1485.01,92.87,20.4
1486.01,92.81,20.4
1487.01,92.32,20.4
1488.01,93.19,20.4
1489.01,93,20.4
1490.01,94.93,20.4
1491.01,93.25,20.4
1492.01,92.4,20.4
1493.01,93.02,20.4
1494.01,91.68,20.4
1495.01,91.73,20.4
1496.01,92.74,20.4
1497.01,91.45,20.4
1498.01,91.16,20.4
1499.01,90.65,20.4
1500.01,93.11,20.4
1501.01,92.47,20.4
1502.01,93.2,20.4
1503.01,92.5,20.4
1504.01,92.4,20.4
1505.01,93.17,20.4
1506.01,91.12,20.4
1507.01,94.27,20.4
1508.01,94.86,20.4
1509.01,92.76,20.4
1510.01,93.77,20.4
1511.01,95.45,20.4
1512.01,93.65,20.4
1513.01,93.61,20.4
1514.01,93.98,20.4
1515.01,93.21,20.4
1516.01,92.67,20.4
1517.01,93.78,20.4
1518.01,92.46,20.4
1519.01,94.34,20.4
1520.01,85.36,20.8
1521.01,91.29,20.6
1522.01,95.24,20.6
1523.01,94.59,20.6
1524.01,94.41,20.6
1525.01,92.49,20.4
1526.01,93.98,20.6
1527.01,94.18,20.4
1528.01,95.08,20.6
1529.01,93.2,20.4
1530.01,92.29,20.6
1531.01,94.63,20.4
1532.01,92.87,20.6
1533.01,92.23,20.6
1534.01,93.28,20.6
1535.01,93.62,20.6
1536.01,94.56,20.4
1537.01,94.43,20.6
1538.01,93.5,20.6
1539.01,93.82,20.6
1540.01,93.07,20.6
1541.01,93.47,20.6
1542.01,93.14,20.4
1543.01,95.06,20.6
1544.01,93.92,20.6
1545.01,93.96,20.6
1546.01,93.01,20.6
1547.01,92.57,20.4
1548.01,92.71,20.6
1549.01,93.5,20.6
1550.01,93.02,20.6
1551.01,93.63,20.4
1552.01,93.34,20.6
1553.01,94.2,20.4
1554.01,94.33,20.6
1555.01,93.31,20.4
1556.01,94.7,20.4
1557.01,92.95,20.6
1558.01,93.62,20.6
1559.01,93.64,20.6
1560.01,94.28,20.4
1561.01,94.19,20.4
1562.01,93.83,20.6
1563.01,92.69,20.6
1564.01,93,20.6
1565.01,92.21,20.4
1566.01,94.6,20.6
1567.01,92.99,20.4
1568.01,93.4,20.4
1569.01,93.75,20.4
1570.01,93.43,20.4
1571.01,94.73,20.6
1572.01,93.96,20.6
1573.01,93.03,20.6
1574.01,92.7,20.4
1575.01,93.7,20.4
1576.01,93.35,20.6
1577.01,93.76,20.4
1578.01,93.06,20.6
1579.01,93.94,20.4
1580.01,93.98,20.6
1581.01,93.13,20.4
1582.01,93.36,20.4
1583.01,93.62,20.4
1584.01,93.04,20.4
1585.01,92.59,20.4
1586.01,93.98,20.4
1587.01,94.47,20.6
1588.01,94.7,20.6
1589.01,93.59,20.4
1590.01,93.58,20.6
1591.01,94.66,20.4
1592.01,95.04,20.4
1593.01,94.26,20.4
1594.01,95.06,20.6
1595.01,95.29,20.4
1596.01,94.1,20.4
1597.01,95.93,20.4
1598.01,94.13,20.4
1599.01,94.2,20.6
1600.01,93.88,20.4
1601.01,94.46,20.6
1602.01,93.09,20.6
1603.01,95.22,20.6
1604.01,93.23,20.4
1605.01,94.23,20.6
1606.01,93.93,20.4
1607.01,94.51,20.6
1608.01,93.76,20.4
1609.01,93.65,20.4
1610.01,94.62,20.4
1611.01,93.73,20.6
1612.01,92.47,20.4
1613.01,94.52,20.4
1614.01,94.08,20.4
1615.01,94.52,20.6
1616.01,96.98,20.4
1617.01,93.81,20.4
1618.01,93.97,20.4
1619.01,94.05,20.4
1620.01,94.44,20.6
1621.01,94.03,20.4
1622.01,94.6,20.4
1623.01,94.47,20.4
1624.01,94.3,20.6
1625.01,95.09,20.4
1626.01,93.72,20.4
1627.01,94.59,20.6
1628.01,93.52,20.4
1629.01,94.42,20.4
1630.01,94.27,20.4
1631.01,93.43,20.4
1632.01,96.1,20.6
1633.01,95.52,20.4
1634.01,94.59,20.4
1635.01,93.36,20.4
1636.01,95.32,20.4
1637.01,96.54,20.6
1638.01,94.39,20.6
1639.01,93.85,20.4
1640.01,95.19,20.4
1641.01,93.74,20.4
1642.01,95.31,20.6
1643.01,94.1,20.6
1644.01,93.73,20.6
1645.01,94.45,20.6
1646.01,95.08,20.6
1647.01,94.45,20.6
1648.01,95.24,20.4
1649.01,95.65,20.4
1650.01,93.84,20.4
1651.01,94.6,20.4
1652.01,95.76,20.4
1653.01,94.02,20.4
1654.01,94.46,20.4
1655.01,94.09,20.4
1656.01,95.97,20.6
1657.01,93.52,20.4
1658.01,95.2,20.4
1659.01,93.39,20.6
1660.01,93.56,20.4
1661.01,94.22,20.4
1662.01,95.11,20.4
1663.01,95.78,20.4
1664.01,94.12,20.6
1665.01,94.66,20.6
1666.01,94.2,20.6
1667.01,94.77,20.4
1668.01,94.5,20.4
1669.01,94.62,20.4
1670.01,93.81,20.4
1671.01,94.07,20.4
1672.01,95.63,20.4
1673.01,94.52,20.4
1674.01,95.48,20.6
1675.01,94.88,20.6
1676.01,93.93,20.4
1677.01,94.03,20.4
1678.01,94.02,20.4
1679.01,93.78,20.6
1680.01,94.68,20.6
1681.01,94.37,20.4
1682.01,93.57,20.4
1683.01,93.46,20.4
1684.01,93.7,20.6
1685.01,93.25,20.4
1686.01,94.83,20.4
1687.01,95.14,20.4
1688.01,94.89,20.4
1689.01,93.79,20.6
1690.01,94.36,20.4
1691.01,94.66,20.4
1692.01,94.38,20.4
1693.01,94.91,20.4
1694.01,93.88,20.4
1695.01,96.19,20.4
1696.01,93.62,20.4
1697.01,93.95,20.6
1698.01,94.36,20.4
1699.01,94.62,20.4
1700.01,94.28,20.4
1701.01,94.44,20.4
1702.01,94.73,20.4
1703.01,94.04,20.4
1704.01,95.55,20.4
1705.01,93.75,20.4
1706.01,93.5,20.4
1707.01,93.2,20.4
1708.01,93.39,20.6
1709.01,94.06,20.4
1710.01,95.61,20.4
1711.01,94.53,20.4
1712.01,94.5,20.4
1713.01,93.44,20.6
1714.01,94.77,20.4
1715.01,93.7,20.4
1716.01,93.28,20.4
1717.01,95.19,20.4
1718.01,94.24,20.4
1719.01,95.74,20.4
1720.01,94.17,20.4
1721.01,93.43,20.6
1722.01,94.06,20.6
1723.01,92.91,20.4
1724.01,94.21,20.4
1725.01,95.08,20.6
1726.01,94.96,20.4
1727.01,93.62,20.6
1728.01,93.74,20.4
1729.01,93.2,20.4
1730.01,94.07,20.4
1731.01,95.38,20.4
1732.01,94.82,20.4
1733.01,94.6,20.4
1734.01,94.41,20.4
1735.01,94.17,20.4
1736.01,94.58,20.4
1737.01,94.48,20.4
1738.01,94.31,20.4
1739.01,94.99,20.4
1740.01,93.82,20.4
1741.01,94.21,20.4
1742.01,94.12,20.4
1743.01,93.85,20.4
1744.01,94.11,20.4
1745.01,93.05,20.4
1746.01,94.49,20.4
1747.01,93.67,20.6
1748.01,95.15,20.4
1749.01,96.19,20.4
1750.01,94.64,20.6
1751.01,94.14,20.6
1752.01,93.75,20.4
1753.01,94.78,20.4
1754.01,92.49,20.4
1755.01,95.01,20.4
1756.01,94.65,20.6
1757.01,94.34,20.4
1758.01,93.44,20.4
1759.01,93.72,20.4
1760.01,93.71,20.4
1761.01,93.81,20.4
1762.01,94.22,20.4
1763.01,94.12,20.6
1764.01,94.86,20.4
1765.01,94.76,20.4
1766.01,95.29,20.4
1767.01,94.66,20.4
1768.01,95.08,20.6
1769.01,93.63,20.6
1770.01,94.51,20.4
1771.01,93.76,20.6
1772.01,95.16,20.4
1773.01,93.78,20.4
1774.01,93.39,20.4
1775.01,93.45,20.4
1776.01,96.02,20.4
1777.01,94.51,20.4
1778.01,93.12,20.6
1779.01,93.46,20.4
1780.01,95.51,20.4
1781.01,94,20.4
1782.01,96.72,20.4
1783.01,94.51,20.4
1784.01,93.39,20.4
1785.01,92.43,20.4
1786.01,94.43,20.4
1787.01,93.84,20.4
1788.01,94.84,20.4
1789.01,94.11,20.4
1790.01,92.7,20.4
1791.01,92.87,20.4
1792.01,94.61,20.4
1793.01,94.56,20.4
1794.01,95.19,20.4
1795.01,93.48,20.4
1796.01,94.99,20.4
1797.01,94.8,20.4
1798.01,93.28,20.4
1799.01,94.03,20.4
1800.01,94.72,20.4
1801.01,94.51,20.4
1802.01,94.54,20.4
1803.01,93.52,20.4
1804.01,93.44,20.4
1805.01,93.74,20.4
1806.01,93.4,20.6
1807.01,93.8,20.4
1808.01,94.15,20.6
1809.01,94.27,20.4
1810.01,93.79,20.4
1811.01,93.33,20.4
1812.01,94.39,20.4
1813.01,93.34,20.4
1814.01,93.23,20.4
1815.01,93.93,20.4
1816.01,93.87,20.4
1817.01,93.82,20.4
1818.01,92.67,20.4
1819.01,92.97,20.4
1820.01,95.79,20.4
1821.01,93.55,20.6
1822.01,94.56,20.4
1823.01,93.02,20.4
1824.01,93.35,20.4
1825.01,92.01,20.4
1826.01,93.28,20.6
1827.01,93.71,20.4
1828.01,93.35,20.4
1829.01,93.88,20.4
1830.01,94.97,20.4
1831.01,94.28,20.6
1832.01,94.81,20.4
1833.01,92.93,20.4
1834.01,93.03,20.4
1835.01,93.05,20.4
1836.01,94.34,20.4
1837.01,92.55,20.4
1838.01,94.21,20.4
1839.01,93.95,20.4
1840.01,93.4,20.4
1841.01,94.41,20.4
1842.01,94.89,20.4
1843.01,93.62,20.4
1844.01,94.38,20.4
1845.01,94.82,20.4
1846.01,92.75,20.4
1847.01,93.42,20.4
1848.01,93.96,20.4
1849.01,93.14,20.4
1850.01,93.2,20.4
1851.01,93.15,20.4
1852.01,92.75,20.4
1853.01,92.91,20.4
1854.01,93.16,20.4
1855.01,94.73,20.4
1856.01,92.99,20.4
1857.01,93.5,20.4
1858.01,92.35,20.4
1859.01,93.16,20.4
1860.01,93.72,20.4
1861.01,93.18,20.4
1862.01,93.28,20.4
1863.01,93.46,20.4
1864.01,93.68,20.4
1865.01,92.61,20.4
1866.01,92.64,20.4
1867.01,93.74,20.4
1868.01,92.89,20.4
1869.01,92.33,20.4
1870.01,92.96,20.4
1871.01,93.55,20.4
1872.01,92.69,20.4
1873.01,91.97,20.4
1874.01,94.47,20.4
1875.01,93.08,20.4
1876.01,95.25,20.4
1877.01,93.11,20.4
1878.01,93.51,20.4
1879.01,93.11,20.4
1880.01,94.32,20.4
1881.01,92.46,20.4
1882.01,93.21,20.4
1883.01,93.4,20.4
1884.01,92.6,20.4
1885.01,94.36,20.4
1886.01,92.1,20.4
1887.01,93.73,20.4
1888.01,93.03,20.4
1889.01,93.21,20.4
1890.01,92.41,20.4
1891.01,93.55,20.4
1892.01,92.89,20.4
1893.01,94.48,20.2
1894.01,93.94,20.4
1895.01,92.7,20.4
1896.01,93.48,20.4
1897.01,93.8,20.4
1898.01,92.24,20.4
1899.01,93.96,20.4
1900.01,91.41,20.4
1901.01,91.28,21.6
1902.01,92.1,21.6
1903.01,94.03,21.6
1904.01,93.74,21.6
1905.01,93.75,21.6
1906.01,93.62,21.6
1907.01,93.49,21.6
1908.01,93.36,21.6
1909.01,93.95,21.6
1910.01,94.15,21.6
1911.01,93.92,21.4
1912.01,92.45,21.6
1913.01,93.27,21.6
1914.01,92.89,21.6
1915.01,93.3,21.6
1916.01,93.19,21.6
1917.01,94.59,21.6
1918.01,95.28,21.4
1919.01,91.82,21.6
1920.01,93.31,21.4
1921.01,93.67,21.6
1922.01,92.64,21.4
1923.01,91.72,21.4
1924.01,93.28,21.6
1925.01,92.46,21.4
1926.01,94.73,21.4
1927.01,93.8,21.4
1928.01,92.99,21.4
1929.01,92.89,21.4
1930.01,93.34,21.4
1931.01,93.44,21.6
1932.01,92.06,21.6
1933.01,92.22,21.4
1934.01,92.5,21.4
1935.01,94.44,21.4
1936.01,93.21,21.4
1937.01,94.63,21.4
1938.01,94.1,21.4
1939.01,92.89,21.4
1940.01,93.41,21.4
1941.01,92.61,21.4
1942.01,93.84,21.4
1943.01,94.12,21.4
1944.01,92.73,21.4
1945.01,93.11,21.4
1946.01,93.46,21.4
1947.01,93.02,21.4
1948.01,92.33,21.4
1949.01,92.8,21.4
1950.01,93.22,21.4
1951.01,92.5,21.4
1952.01,93.58,21.2
1953.01,92.3,21.4
1954.01,93.24,21.4
1955.01,93.36,21.2
1956.01,92.91,21.2
1957.01,92.64,21.4
1958.01,93.21,21.4
1959.01,93.55,21.4
1960.01,93.25,21.4
1961.01,93.28,21.4
1962.01,92.56,21.4
1963.01,93.22,21.4
1964.01,92.31,21.4
1965.01,93.66,21.4
1966.01,94.15,21.4
1967.01,93.6,21.2
1968.01,95.52,21.2
1969.01,92.54,21.2
1970.01,92.38,21.2
1971.01,92.81,21.4
1972.01,92.75,21.2
1973.01,94.85,21.2
1974.01,91.76,21.2
1975.01,92,21.4
1976.01,92.6,21.4
1977.01,92.73,21.2
1978.01,94.18,21.2
1979.01,93.19,21.4
1980.01,91.85,21.2
1981.01,92.51,21.2
1982.01,93.08,21.2
1983.01,92.93,21.2
1984.01,91.87,21.2
1985.01,92.83,21.2
1986.01,93.59,21.4
1987.01,93.47,21.2
1988.01,94.25,21.4
1989.01,93.41,21.2
1990.01,93.4,21.2
1991.01,93.05,21.2
1992.01,93.92,21.2
1993.01,93.45,21.2
1994.01,93.55,21.2
1995.01,91.89,21.2
1996.01,91.15,21.4
1997.01,93.07,21.2
1998.01,92.9,21.2
1999.01,92.85,21.2
2000.01,92.3,21
2001.01,93.75,21.2
2002.01,92.69,21.2
2003.01,91.2,21.2
2004.01,92.32,21.2
2005.01,93.4,21.2
2006.01,92.34,21.2
2007.01,93.99,21.2
2008.01,93.23,21.2
2009.01,94.4,21.2
2010.01,94.11,21.2
2011.01,91.45,21.2
2012.01,91.77,21.2
2013.01,93.36,21
2014.01,92.36,21
2015.01,92.11,21.2
2016.01,94.14,21
2017.01,93.97,21.2
2018.01,93.78,21.2
2019.01,91.99,21.2
2020.01,93.09,21
2021.01,92.35,21.2
2022.01,91.23,21.2
2023.01,92.68,21.2
2024.01,92.12,21.2
2025.01,93.02,21.2
2026.01,91.84,21.2
2027.01,91.15,21.2
2028.01,91.3,21.2
2029.01,93.21,21.2
2030.01,93.25,21
2031.01,92.87,21.2
2032.01,92.84,21
2033.01,93.32,21
2034.01,92.17,21
2035.01,94.37,21.2
2036.01,91.73,21
2037.01,94.18,21
2038.01,92.1,21
2039.01,94.39,21
2040.01,93.49,21
2041.01,93.62,21
2042.01,92.26,21
2043.01,93.41,21
2044.01,92.39,21
2045.01,92.42,21
2046.01,92.99,21
2047.01,94.74,21
2048.01,92.81,21
2049.01,92.78,21.2
2050.01,91.62,21
2051.01,93.15,21
2052.01,93.72,21
2053.01,92.93,21
2054.01,90.46,21
2055.01,92.83,21
2056.01,92.11,21
2057.01,92.98,21
2058.01,93.14,21
2059.01,92.46,21
2060.01,91.16,21
2061.01,92.99,21
2062.01,94.4,21
2063.01,92.26,21
2064.01,94.15,21
2065.01,93.53,21
2066.01,91.47,21
2067.01,93.52,21
2068.01,93.11,21
2069.01,92.53,21
2070.01,93.13,21
2071.01,91.23,21
2072.01,94.09,21
2073.01,93.78,21
2074.01,93.02,21
2075.01,94.05,21
2076.01,92.15,21
2077.01,91.61,21
2078.01,94.03,21
2079.01,93.31,21
2080.01,93.46,21
2081.01,94.34,20.8
2082.01,95.59,21
2083.01,92.78,21
2084.01,93.27,21
2085.01,91,21
2086.01,93.92,21
2087.01,90.9,21
2088.01,93.59,21
2089.01,92.3,21
2090.01,92.43,21
2091.01,90.96,21
2092.01,93.3,21
2093.01,93.26,21
2094.01,93,20.8
2095.01,91.78,21
2096.01,92.22,21
2097.01,92.93,21
2098.01,93.29,21
2099.01,91.24,21
2100.01,93.43,20.8
2101.01,93.11,21
2102.01,93.59,20.8
2103.01,91.85,21
2104.01,94.34,21
2105.01,93.22,21
2106.01,92.6,21
2107.01,92.7,21
2108.01,93.74,21
2109.01,94.02,21
2110.01,91.85,21
2111.01,93.28,20.8
2112.01,92.97,21
2113.01,91.91,21
2114.01,92.94,21
2115.01,94.96,21
2116.01,94.27,20.8
2117.01,94.08,21
2118.01,92.97,20.8
2119.01,93.25,20.8
2120.01,93.68,21
2121.01,93.29,21
2122.01,92.71,20.8
2123.01,92.26,21
2124.01,93.16,21
2125.01,92.04,21
2126.01,91.36,20.8
2127.01,92.59,21
2128.01,93.23,21
2129.01,92.6,20.8
2130.01,92.51,21
2131.01,90.62,20.8
2132.01,93.54,21
2133.01,92.75,20.8
2134.01,93.64,20.8
2135.01,92.21,21
2136.01,94.18,21
2137.01,90.65,21
2138.01,94.5,20.8
2139.01,92.73,21
2140.01,90.23,21
2141.01,92.87,20.8
2142.01,93.63,21
2143.01,94.42,20.8
2144.01,95.21,20.8
2145.01,92.93,20.8
2146.01,93,20.8
2147.01,90.77,20.8
2148.01,91.48,20.8
2149.01,92.38,20.8
2150.01,90.82,20.8
2151.01,92.55,21
2152.01,92.41,21
2153.01,94.02,20.8
2154.01,91.46,20.8
2155.01,91.49,21
2156.01,91.65,21
2157.01,92.21,20.8
2158.01,92.62,21
2159.01,92.81,20.8
2160.01,92.87,20.8
2161.01,91.9,20.8
2162.01,91.94,20.8
2163.01,91.86,20.8
2164.01,92.67,20.8
2165.01,91.2,20.8
2166.01,94.44,20.8
2167.01,93.2,20.8
2168.01,92.51,20.8
2169.01,92.9,20.8
2170.01,90.52,20.8
2171.01,94.35,21
2172.01,92.76,20.8
2173.01,93.72,21
2174.01,92.01,21
2175.01,93.3,20.8
2176.01,92.27,20.8
2177.01,92.73,20.8
2178.01,93.17,20.8
2179.01,93.19,20.8
2180.01,91.99,20.8
2181.01,92.25,21
2182.01,92.84,20.8
2183.01,91.25,20.8
2184.01,92.22,20.8
2185.01,92.86,20.8
2186.01,91.01,20.8
2187.01,93.33,20.8
2188.01,93.58,20.8
2189.01,92.51,20.8
2190.01,92.79,20.8
2191.01,93.32,20.8
2192.01,92.99,20.8
2193.01,92.48,20.8
2194.01,93.42,20.8
2195.01,93.36,20.8
2196.01,92.63,20.8
2197.01,93.23,20.8
2198.01,94.95,20.8
2199.01,92.84,20.8
2200.01,93.62,20.8
2201.01,92.32,20.8
2202.01,93.23,20.8
2203.01,93.13,20.8
2204.01,92.59,20.8
2205.01,91.34,20.8
2206.01,93.47,20.8
2207.01,93.98,20.8
2208.01,93.61,20.8
2209.01,94.33,20.8
2210.01,93.15,20.8
2211.01,93.31,20.8
2212.01,92.4,20.8
2213.01,94.22,20.8
2214.01,93.25,20.8
2215.01,94.96,20.8
2216.01,92.67,20.8
2217.01,92.71,20.8
2218.01,92.68,20.8
2219.01,92.12,20.8
2220.01,94.17,20.8
2221.01,93.43,20.8
2222.01,92.75,20.8
2223.01,93.13,20.8
2224.01,92.13,20.8
2225.01,91.2,21
2226.01,93.41,20.8
2227.01,93.09,20.8
2228.01,91.16,20.8
2229.01,92.59,20.8
2230.01,94.12,20.8
2231.01,90.63,20.8
2232.01,92.52,20.8
2233.01,93.44,20.8
2234.01,92.26,20.8
2235.01,92.06,20.8
2236.01,92.65,20.8
2237.01,92.12,20.8
2238.01,93.45,20.8
2239.01,94.04,20.8
2240.01,92.12,20.8
2241.01,92.82,20.8
2242.01,94.53,20.8
2243.01,90.28,20.8
2244.01,90.92,20.8
2245.01,91,20.8
2246.01,93.04,20.8
2247.01,91.78,20.8
2248.01,90.85,20.8
2249.01,93.13,20.8
2250.01,93.59,20.8
2251.01,93.69,20.8
2252.01,93.6,20.8
2253.01,93.63,20.6
2254.01,91.83,20.6
2255.01,92.47,20.8
2256.01,93.15,20.8
2257.01,93.94,20.8
2258.01,92.62,20.8
2259.01,92.23,20.8
2260.01,93.16,20.8
2261.01,95.12,20.6
2262.01,93.26,20.8
2263.01,93.43,20.8
2264.01,93.53,20.8
2265.01,92.6,20.8
2266.01,94.96,20.8
2267.01,93.13,20.8
2268.01,93.39,20.8
2269.01,93.29,20.8
2270.01,93.25,20.8
2271.01,93.36,20.8
2272.01,94.65,20.8
2273.01,92.19,20.8
2274.01,91.89,20.8
2275.01,93.83,20.8
2276.01,93.53,20.8
2277.01,94.2,20.8
2278.01,93.33,20.8
2279.01,93.2,20.6
2280.01,92.96,21.2
2281.01,91.34,21.2
2282.01,93.97,21.2
2283.01,92.3,21
2284.01,93.53,21.2
2285.01,93.45,21.2
2286.01,92.99,21.2
2287.01,92.88,21.2
2288.01,95.46,21.2
2289.01,92.34,21.4
2290.01,91.21,21.4
2291.01,92.13,21.4
2292.01,92.29,21.4
2293.01,93.81,21.4
2294.01,92.89,21.4
2295.01,92.65,21.4
2296.01,94.59,21.6
2297.01,92.13,21.6
2298.01,92.1,21.4
2299.01,93.58,21.6
2300.01,92.93,21.6
2301.01,94.31,21.4
2302.01,92.67,21.4
2303.01,92.18,21.6
2304.01,92.3,21.4
2305.01,93.17,21.4
2306.01,92.99,21.4
2307.01,94.92,21.4
2308.01,94.93,21.4
2309.01,94.08,21.4
2310.01,94.06,21.6
2311.01,92.81,21.4
2312.01,95.97,21.6
2313.01,92.82,21.4
2314.01,94.1,21.4
2315.01,94.95,21.4
2316.01,95.4,21.4
2317.01,94.05,21.4
2318.01,92.31,21.4
2319.01,93.45,21.4
2320.01,93,21.4
2321.01,92.54,21.4
2322.01,93.21,21.6
2323.01,92.08,21.4
2324.01,93.15,21.4
2325.01,93.77,21.6
2326.01,94.8,21.4
2327.01,93.23,21.4
2328.01,94.68,21.4
2329.01,93.91,21.6
2330.01,93.36,21.6
2331.01,93.98,21.4
2332.01,91.72,21.4
2333.01,91.71,21.4
2334.01,92.39,21.4
2335.01,92.31,21.6
2336.01,93.62,21.6
2337.01,93.96,21.4
2338.01,92.8,21.4
2339.01,92.72,21.4
2340.01,92.58,21.4
2341.01,93.94,21.4
2342.01,93.02,21.4
2343.01,95.17,21.4
2344.01,92.82,21.4
2345.01,91.78,21.4
2346.01,95.11,21.4
2347.01,95.05,21.4
2348.01,95.02,21.4
2349.01,94.18,21.4
2350.01,94.49,21.4
2351.01,93.17,21.4
2352.01,93.62,21.4
2353.01,95.07,21.4
2354.01,97.59,21.4
2355.01,94.96,21.4
2356.01,93.65,21.4
2357.01,93.61,21.4
2358.01,94.77,21.4
2359.01,94.1,21.4
2360.01,92.55,21.4
2361.01,93.26,21.4
2362.01,93.49,21.4
2363.01,93.69,21.6
2364.01,96.26,21.4
2365.01,93.6,21.4
2366.01,93.88,21.4
2367.01,93.04,21.4
2368.01,93.4,21.4
2369.01,92.98,21.4
2370.01,95.63,21.4
2371.01,95.39,21.4
2372.01,94.89,21.4
2373.01,93.33,21.4
2374.01,93.6,21.4
2375.01,94.58,21.4
2376.01,95.55,21.6
2377.01,92.98,21.6
2378.01,92.43,21.6
2379.01,92.86,21.4
2380.01,93.1,21.4
2381.01,92.84,21.6
2382.01,93.42,21.4
2383.01,92.17,21.4
2384.01,93.6,21.4
2385.01,95.42,21.6
2386.01,93.33,21.4
2387.01,93.67,21.4
2388.01,94.32,21.4
2389.01,95.27,21.4
2390.01,94.12,21.4
2391.01,94.43,21.4
2392.01,93.68,21.4
2393.01,94.54,21.4
2394.01,94.05,21.4
2395.01,94.56,21.4
2396.01,94.01,21.4
2397.01,95.92,21.4
2398.01,93.99,21.4
2399.01,93.58,21.4
2400.01,96.45,21.4
2401.01,94.24,21.4
2402.01,93.01,21.4
2403.01,93.93,21.4
2404.01,94.63,21.4
2405.01,93.64,21.4
2406.01,94.69,21.4
2407.01,94.81,21.6
2408.01,94.09,21.4
2409.01,94.17,21.6
2410.01,93.22,21.4
2411.01,94.54,21.4
2412.01,92.96,21.4
2413.01,93.18,21.4
2414.01,93.67,21.4
2415.01,94.31,21.4
2416.01,94.06,21.4
2417.01,92.48,21.6
2418.01,94.47,21.4
2419.01,94.67,21.4
2420.01,94.23,21.6
2421.01,93.9,21.6
2422.01,94.7,21.4
2423.01,95.7,21.4
2424.01,92.58,21.4
2425.01,94.9,21.4
2426.01,93.76,21.4
2427.01,94,21.6
2428.01,94.07,21.4
2429.01,92.97,21.4
2430.01,93.91,21.4
2431.01,93.27,21.4
2432.01,92.73,21.4
2433.01,94.62,21.6
2434.01,94.51,21.4
2435.01,94.99,21.4
2436.01,94.52,21.6
2437.01,93.79,21.4
2438.01,94.98,21.6
2439.01,93.53,21.4
2440.01,94.45,21.4
2441.01,94.12,21.4
2442.01,94.18,21.4
2443.01,95.17,21.6
2444.01,94.12,21.4
2445.01,94.44,21.4
2446.01,94.21,21.4
2447.01,94.71,21.4
2448.01,93.67,21.4
2449.01,94.35,21.4
2450.01,95.59,21.4
2451.01,93.37,21.4
2452.01,95.6,21.4
2453.01,92.9,21.4
2454.01,94.53,21.4
2455.01,96.26,21.4
2456.01,94.73,21.4
2457.01,93.18,21.4
2458.01,93.47,21.4
2459.01,94.43,21.4
2460.01,94.61,21.6
2461.01,95.41,21.4
2462.01,93.88,21.4
2463.01,95.03,21.4
2464.01,93.93,21.4
2465.01,95,21.4
2466.01,94.39,21.4
2467.01,93.92,21.4
2468.01,94.56,21.4
2469.01,96.58,21.4
2470.01,92.15,21.6
2471.01,94.76,21.4
2472.01,94.7,21.4
2473.01,93.43,21.4
2474.01,93.61,21.4
2475.01,92.85,21.4
2476.01,92.72,21.4
2477.01,92.55,21.4
2478.01,91.14,21.4
2479.01,92.07,21.4
2480.01,93.21,21.4
2481.01,94.2,21.2
2482.01,94.97,21.4
2483.01,94.75,21.4
2484.01,92.83,21.4
2485.01,94.98,21.4
2486.01,93.37,21.4
2487.01,94.05,21.4
2488.01,93.04,21.4
2489.01,93.73,21.4
2490.01,92.12,21.4
2491.01,94.41,21.4
2492.01,94.22,21.4
2493.01,96.32,21.4
2494.01,92.79,21.2
2495.01,93.5,21.4
2496.01,93.11,21.4
2497.01,93.39,21.2
2498.01,94.37,21.4
2499.01,92.89,21.4
2500.01,94.23,21.4
2501.01,93.79,21.4
2502.01,94.89,21.4
2503.01,92.67,21.4
2504.01,94.31,21.4
2505.01,94.01,21.4
2506.01,93.9,21.4
2507.01,93.89,21.4
2508.01,93.63,21.4
2509.01,96.68,21.4
2510.01,92.41,21.4
2511.01,93.16,21.4
2512.01,93.63,21.4
2513.01,93.38,21.4
2514.01,93.18,21.4
2515.01,93.61,21.4
2516.01,92.88,21.4
2517.01,92.65,21.4
2518.01,94.29,21.4
2519.01,91.3,21.4
2520.01,93.4,21.4
2521.01,93.67,21.4
2522.01,94.11,21.4
2523.01,95.1,21.4
2524.01,94.41,21.4
2525.01,92.98,21.4
2526.01,93.41,21.2
2527.01,92.56,21.4
2528.01,93.96,21.4
2529.01,93.74,21.4
2530.01,93.52,21.4
2531.01,94.89,21.2
2532.01,93.3,21.4
2533.01,94.67,21.4
2534.01,93.96,21.4
2535.01,93.24,21.2
2536.01,92.54,21.4
2537.01,94.28,21.4
2538.01,95.55,21.2
2539.01,93.5,21.4
2540.01,91.45,21.4
2541.01,92.92,21.4
2542.01,94.31,21.2
2543.01,94.59,21.4
2544.01,92.81,21.4
2545.01,94.66,21.4
2546.01,93.94,21.4
2547.01,94.81,21.4
2548.01,93.03,21.4
2549.01,94.71,21.4
2550.01,93.26,21.4
2551.01,92.81,21.2
2552.01,94.39,21.4
2553.01,95.67,21.4
2554.01,95.91,21.2
2555.01,94.73,21.2
2556.01,94.66,21.4
2557.01,94.41,21.4
2558.01,92.98,21.4
2559.01,93.97,21.2
2560.01,93.6,21.2
2561.01,94.12,21.4
2562.01,95.55,21.4
2563.01,94.93,21.4
2564.01,92.54,21.2
2565.01,95.04,21.4
2566.01,95.59,21.2
2567.01,92.96,21.4
2568.01,93.33,21.4
2569.01,94.46,21.2
2570.01,95.12,21.4
2571.01,93.42,21.4
2572.01,95.22,21.4
2573.01,93.12,21.4
2574.01,92.02,21.2
2575.01,92.15,21.2
2576.01,95.16,21.2
2577.01,95.62,21.4
2578.01,93.67,21.2
2579.01,96.31,21.4
2580.01,91.58,21.2
2581.01,93.96,21.4
2582.01,94,21.2
2583.01,94.05,21.2
2584.01,93.56,21.4
2585.01,95.7,21.4
2586.01,92.93,21.4
2587.01,92.88,21.2
2588.01,94.17,21.2
2589.01,94.95,21.4
2590.01,95.01,21.2
2591.01,94.75,21.4
2592.01,95.25,21.2
2593.01,94.57,21.4
2594.01,94.5,21.4
2595.01,94.75,21.2
2596.01,95.07,21.4
2597.01,95.54,21.4
2598.01,95.49,21.4
2599.01,93.38,21.4
2600.01,92.21,21.4
2601.01,94.27,21.4
2602.01,95.39,21.4
2603.01,94.01,21.4
2604.01,95.46,21.2
2605.01,95.07,21.4
2606.01,93.58,21.4
2607.01,96.01,21.4
2608.01,93.91,21.4
2609.01,94.87,21.2
2610.01,95.29,21.4
2611.01,95.95,21.4
2612.01,94.17,21.4
2613.01,92.84,21.4
2614.01,95.19,21.4
2615.01,93.94,21.4
2616.01,95.11,21.4
2617.01,93.85,21.4
2618.01,94.2,21.4
2619.01,95.61,21.2
2620.01,94.01,21.2
2621.01,94.04,21.2
2622.01,93.72,21.4
2623.01,93.87,21.4
2624.01,95.55,21.4
2625.01,93.22,21.2
2626.01,94.04,21.4
2627.01,94.88,21.4
2628.01,95.29,21.4
2629.01,94.43,21.4
2630.01,93.14,21.4
2631.01,93.85,21.4
2632.01,93.72,21.4
2633.01,94.14,21.2
2634.01,94.59,21.4
2635.01,94.11,21.4
2636.01,94.43,21.4
2637.01,92.74,21.2
2638.01,94.2,21.4
2639.01,93.98,21.4
2640.01,94.61,21.4
2641.01,95.37,21.4
2642.01,95.1,21.2
2643.01,95.46,21.4
2644.01,91.09,21.4
2645.01,93.98,21.4
2646.01,94.53,21.4
2647.01,93.1,21.2
2648.01,92.09,21.4
2649.01,94.69,21.4
2650.01,94.78,21.2
2651.01,94.38,21.4
2652.01,94.37,21.4
2653.01,93.87,21.4
2654.01,95.74,21.4
2655.01,94.61,21.4
2656.01,94.23,21.4
2657.01,92.66,21.4
2658.01,94.37,21.2
2659.01,94.27,21.2
2660.01,92.9,21.2
2661.01,94,21.4
2662.01,98.41,21.4
2663.01,95.55,21.4
2664.01,94.6,21.6
2665.01,94.62,21.4
2666.01,96.38,21.4
2667.01,93.94,21.4
2668.01,95.68,21.4
2669.01,94.08,21.4
2670.01,94.17,21.4
2671.01,97.35,21.4
2672.01,92.21,21.4
2673.01,95.78,21.4
2674.01,95.45,21.6
2675.01,94.6,21.4
2676.01,94.97,21.4
2677.01,95.08,21.4
2678.01,95.66,21.6
2679.01,94.5,21.4
2680.01,96.05,21.6
2681.01,95.98,21.6
2682.01,96.08,21.4
2683.01,94.12,21.4
2684.01,94.46,21.6
2685.01,95.25,21.6
2686.01,95.59,21.6
2687.01,94.08,21.6
2688.01,95.89,21.6
2689.01,94.22,21.6
2690.01,96.01,21.4
2691.01,94.6,21.4
2692.01,94.17,21.6
2693.01,95.21,21.4
2694.01,94.58,21.6
2695.01,94.72,21.6
2696.01,94.4,21.6
2697.01,94.72,21.6
2698.01,94.77,21.4
2699.01,95.23,21.6
2700.01,95.22,21.4
2701.01,94.69,21.4
2702.01,96.17,21.4
2703.01,93.14,21.6
2704.01,95.61,21.6
2705.01,94.64,21.6
2706.01,94.77,21.4
2707.01,95.81,21.4
2708.01,96.68,21.6
2709.01,94.19,21.6
2710.01,95.23,21.6
2711.01,95.98,21.6
2712.01,95.24,21.6
2713.01,95.4,21.6
2714.01,96.76,21.6
2715.01,94.85,21.4
2716.01,93.62,21.6
2717.01,93.72,21.6
2718.01,95.82,21.6
2719.01,95.37,21.6
2720.01,96.38,21.6
2721.01,93.93,21.6
2722.01,96.09,21.6
2723.01,95.58,21.6
2724.01,94.68,21.6
2725.01,96.4,21.6
2726.01,95.02,21.6
2727.01,95.54,21.4
2728.01,96.25,21.6
2729.01,97.72,21.4
2730.01,94.1,21.6
2731.01,96.68,21.6
2732.01,94.18,21.6
2733.01,96.17,21.4
2734.01,94.98,21.6
2735.01,95.81,21.4
2736.01,95.22,21.6
2737.01,94.4,21.6
2738.01,94.12,21.6
2739.01,94.87,21.6
2740.01,93.02,21.6
2741.01,93.86,21.6
2742.01,94.19,21.6
2743.01,96.37,21.6
2744.01,97.1,21.6
2745.01,95.76,21.6
2746.01,94.22,21.6
2747.01,93.15,21.6
2748.01,95.13,21.6
2749.01,94.99,21.6
2750.01,95.28,21.6
2751.01,95.28,21.6
2752.01,95.74,21.6
2753.01,96.2,21.6
2754.01,96,21.6
2755.01,95.03,21.6
2756.01,94.02,21.6
2757.01,92.95,21.6
2758.01,93.85,21.6
2759.01,94.36,21.6
2760.01,93.77,21.6
2761.01,94.88,21.6
2762.01,93.73,21.6
2763.01,94.28,21.4
2764.01,94.98,21.6
2765.01,93.13,21.6
2766.01,94.23,21.6
2767.01,95.04,21.6
2768.01,96.19,21.6
2769.01,94.45,21.6
2770.01,94.13,21.4
2771.01,94.69,21.6
2772.01,93.84,21.6
2773.01,93.57,21.6
2774.01,93.77,21.6
2775.01,94.38,21.6
2776.01,95.08,21.6
2777.01,92.55,21.6
2778.01,95.49,21.6
2779.01,95.25,21.4
2780.01,95.01,21.6
2781.01,94.47,21.6
2782.01,94.75,21.6
2783.01,94.01,21.6
2784.01,93.78,21.6
2785.01,95.75,21.6
2786.01,95.26,21.6
2787.01,94.81,21.6
2788.01,94.18,21.6
2789.01,94.71,21.6
2790.01,94.25,21.6
2791.01,93.47,21.4
2792.01,94.97,21.6
2793.01,94.85,21.6
2794.01,93.02,21.6
2795.01,95.29,21.8
2796.01,94.74,21.6
2797.01,95.18,21.6
2798.01,94.64,21.6
2799.01,95.29,21.6
2800.01,94.45,21.6
2801.01,94.52,21.6
2802.01,94.96,21.6
2803.01,94.71,21.6
2804.01,94.86,21.6
2805.01,93.33,21.6
2806.01,94.78,21.6
2807.01,94.32,21.6
2808.01,94.63,21.6
2809.01,92.27,21.6
2810.01,94.05,21.6
2811.01,95.05,21.6
2812.01,94.84,21.6
2813.01,93.61,21.6
2814.01,96.37,21.6
2815.01,94.69,21.6
2816.01,93.92,21.4
2817.01,95.07,21.6
2818.01,95.87,21.6
2819.01,94.87,21.6
2820.01,93.94,21.6
2821.01,95.14,21.6
2822.01,94.97,21.6
2823.01,93.5,21.6
2824.01,95.25,21.6
2825.01,95.58,21.6
2826.01,94.85,21.6
2827.01,93.63,21.6
2828.01,94.87,21.6
2829.01,94.38,21.6
2830.01,97.22,21.6
2831.01,94.42,21.6
2832.01,92.86,21.6
2833.01,93.97,21.6
2834.01,95.38,21.6
2835.01,95.04,21.6
2836.01,94.83,21.6
2837.01,95.06,21.6
2838.01,93.8,21.6
2839.01,93.92,21.6
2840.01,95.26,21.6
2841.01,94.05,21.6
2842.01,94.05,21.6
2843.01,93.42,21.6
2844.01,93.95,21.6
2845.01,95.48,21.6
2846.01,96.11,21.6
2847.01,94.54,21.6
2848.01,95.71,21.6
2849.01,95.1,21.6
2850.01,95.64,21.6
2851.01,94.88,21.6
2852.01,93.78,21.6
2853.01,94.02,21.6
2854.01,94.61,21.6
2855.01,94.26,21.6
2856.01,95.82,21.6
2857.01,94.29,21.6
2858.01,95.13,21.6
2859.01,94.53,21.6
2860.01,95.22,21.6
2861.01,93.34,21.6
2862.01,94.22,21.6
2863.01,94.78,21.6
2864.01,94.5,21.6
2865.01,94.13,21.6
2866.01,94.61,21.6
2867.01,95.32,21.6
2868.01,93.79,21.8
2869.01,92.04,21.6
2870.01,96.04,21.6
2871.01,94.6,21.8
2872.01,94.37,21.6
2873.01,96.49,21.6
2874.01,96.49,21.6
2875.01,95.23,21.6
2876.01,94.67,21.6
2877.01,94.28,21.6
2878.01,95.24,21.6
2879.01,94.92,21.6
2880.01,96.02,21.6
2881.01,95.04,21.6
2882.01,94.16,21.6
2883.01,93,21.8
2884.01,95.08,21.8
2885.01,94.31,21.6
2886.01,93.27,21.6
2887.01,96.54,21.6
2888.01,94.72,21.8
2889.01,94.4,21.6
2890.01,94.08,21.6
2891.01,94.51,21.6
2892.01,94.16,21.6
2893.01,93.11,21.6
2894.01,92.31,21.6
2895.01,95.55,21.6
2896.01,94.11,21.6
2897.01,94.51,21.8
2898.01,95.74,21.6
2899.01,95.84,21.6
2900.01,94.9,21.6
2901.01,95.76,21.6
2902.01,94.88,21.6
2903.01,93.56,21.6
2904.01,95.09,21.6
2905.01,94.6,21.6
2906.01,95.04,21.8
2907.01,94.76,21.6
2908.01,95.78,21.8
2909.01,92.86,21.6
2910.01,95.39,21.6
2911.01,94.18,21.6
2912.01,94.45,21.6
2913.01,94.17,21.8
2914.01,95.42,21.8
2915.01,95.99,21.8
2916.01,95.66,21.6
2917.01,96.2,21.6
2918.01,94.55,21.8
2919.01,96.33,21.6
2920.01,96.33,21.6
2921.01,95.06,21.6
2922.01,93.56,21.6
2923.01,97.05,21.6
2924.01,95.5,21.6
2925.01,96.21,21.8
2926.01,95.67,21.6
2927.01,98.75,21.6
2928.01,98.12,21.6
2929.01,94.76,21.6
2930.01,94.9,21.6
2931.01,96.42,21.6
2932.01,96.87,21.6
2933.01,96.52,21.6
2934.01,96.51,21.6
2935.01,95.76,21.6
2936.01,98.23,21.6
2937.01,95.81,21.6
2938.01,96.81,21.6
2939.01,96.47,21.6
2940.01,96.19,21.6
2941.01,95.58,21.6
2942.01,95.68,21.6
2943.01,96.62,21.8
2944.01,95.67,21.6
2945.01,95.97,21.8
2946.01,96.44,21.8
2947.01,94.44,21.6
2948.01,93.88,21.6
2949.01,94.9,21.6
2950.01,95.41,21.6
2951.01,96.71,21.6
2952.01,96.64,21.6
2953.01,96.1,21.6
2954.01,97.43,21.6
2955.01,95.38,21.6
2956.01,96.4,21.8
2957.01,96.53,21.6
2958.01,96.02,21.6
2959.01,96.89,21.6
2960.01,97.72,21.6
2961.01,97.23,21.6
2962.01,96.05,21.8
2963.01,96.38,21.8
2964.01,95.55,21.6
2965.01,95.83,21.8
2966.01,97.18,21.8
2967.01,95.58,21.6
2968.01,97.17,21.6
2969.01,97.55,21.6
2970.01,97.43,21.6
2971.01,97.86,21.6
2972.01,96.41,21.8
2973.01,96.44,21.8
2974.01,96.06,21.8
2975.01,95.22,21.6
2976.01,97.07,21.8
2977.01,96.01,21.6
2978.01,95.99,21.6
2979.01,97.49,21.8
2980.01,95.86,21.8
2981.01,95.1,21.6
2982.01,96.66,21.6
2983.01,95.24,21.8
2984.01,96.16,21.8
2985.01,95.7,21.8
2986.01,96.83,21.8
2987.01,95.47,21.8
2988.01,96.32,21.8
2989.01,97.42,21.6
2990.01,96.08,21.8
2991.01,95.89,21.8
2992.01,96.72,21.6
2993.01,93.77,21.8
2994.01,95.93,21.8
2995.01,94.6,21.6
2996.01,95.74,21.6
2997.01,96.08,21.6
2998.01,96.16,21.8
2999.01,96.11,21.8
